<?xml version="1.0" encoding="utf-8"?>
<!DOCTYPE hibernate-mapping PUBLIC 
 "-//Hibernate/Hibernate Mapping DTD//EN"
 "http://www.hibernate.org/dtd/hibernate-mapping-3.0.dtd"> 

<hibernate-mapping>
  <class name="cz.vutbr.fit.gja.Book" table="BOOK">
    <meta attribute="class-description">
      This class contains the book detail.
    </meta>
    <id name="isbn" type="int" column="isbn">
      <generator class="native"/>
    <property name="author" column="author" type="string"/>
  </id>
    <property name="genre" column="genre" type="string"/>
    <property name="edition" column="edition" type="int"/>
    <property name="title" column="title" type="string"/>
  </class>
</hibernate-mapping>