<?xml version="1.0" encoding="utf-8"?>
<!DOCTYPE hibernate-configuration SYSTEM 
"http://www.hibernate.org/dtd/hibernate-configuration-3.0.dtd">

<hibernate-configuration>
  <session-factory>
    <property name="hibernate.dialect">
      org.hibernate.dialect.MySQLDialect
    </property>
    <property name="hibernate.connection.driver_class">
      com.mysql.jdbc.Driver
    </property>
    <property name="hibernate.id.new_generator_mappings">false</property>

    <!-- Assume dbForHibernate is the database name -->
    <property name="hibernate.connection.url">
      jdbc:mysql://localhost:3306/bookDB
    </property>
    <property name="hibernate.connection.username">
      user
    </property>
    <property name="hibernate.connection.password">
      123456
    </property>

    <!-- List of XML mapping files -->
    <mapping resource="Book.hbm.xml"/>

  </session-factory>
</hibernate-configuration>